,eps,clusters,vi
0,5.0,164,-1.0
1,5.5,115,1.2689668094296742
2,6.0,74,1.2869077632656172
3,6.5,49,0.6823967636335241
4,7.0,32,0.45481020982497344
5,7.5,27,0.35499253124243674
6,8.0,19,0.3616951649408543
7,8.5,10,0.32846604866131596
8,9.0,7,0.29004353715747655
9,9.5,6,0.2844780015502109
10,10.0,4,0.32552701389966415
