,eps,clusters,ch
0,5.0,164,562.6055885574773
1,5.5,115,412.1279062207631
2,6.0,74,216.6157239601692
3,6.5,49,233.07574466103674
4,7.0,32,279.3448951362767
5,7.5,27,262.9190185945224
6,8.0,19,263.12150640721705
7,8.5,10,270.17603030241554
8,9.0,7,377.3042057253444
9,9.5,6,437.6951678034354
10,10.0,4,449.43626545018964
