,eps,clusters,silhouette
0,5.0,164,-0.12942850818258955
1,5.5,115,-0.21261224730752884
2,6.0,74,-0.28388364928381765
3,6.5,49,-0.2950644280702507
4,7.0,32,-0.28209540885878714
5,7.5,27,-0.28262957787415127
6,8.0,19,-0.2450260409820935
7,8.5,10,-0.11930389035183835
8,9.0,7,-0.04085302447728686
9,9.5,6,0.045506457080387044
10,10.0,4,0.07429252089804131
