,eps,clusters,dbi
0,5.0,164,1.4495867953615407
1,5.5,115,1.4773847312844246
2,6.0,74,1.4651992196966497
3,6.5,49,1.5007788374260491
4,7.0,32,1.4701444173363087
5,7.5,27,1.5423737968212852
6,8.0,19,1.6182367428122368
7,8.5,10,1.8336483007806732
8,9.0,7,1.9078471079329693
9,9.5,6,1.8658592735876234
10,10.0,4,2.5753998014873534
