,clusters,dbi
0,164,1.392617191716522
1,115,1.4330816996525084
2,74,1.7718354503378984
3,49,1.7061224857103365
4,32,1.7150296486676027
5,27,2.0142601303938426
6,19,2.0582691009651186
7,10,2.1915750599698365
8,7,2.885415324168215
9,6,2.6113101830138743
10,4,2.4677827920151376
