,clusters,silhouette
0,164,0.37540462786886963
1,115,0.3470972674908896
2,74,0.30414914074316596
3,49,0.2716129881139013
4,32,0.21945140403463148
5,27,0.20001705700378386
6,19,0.18670571594689192
7,10,0.12107962553756416
8,7,0.13748398087859154
9,6,0.13805836156063842
10,4,0.08761769592610814
