,clusters,vi
0,164,-1.0
1,115,1.6399824521001456
2,74,1.5602149009797548
3,49,1.7124714623036423
4,32,1.9411789218925162
5,27,1.858708858808514
6,19,1.9772850316891302
7,10,2.706724258971465
8,7,2.2130306799242825
9,6,1.5583147547250595
10,4,2.298090722902409
