,clusters,silhouette
0,145,0.3588051278267664
1,134,0.3629661965564793
2,122,0.35759788856412533
3,115,0.3470972674710862
4,110,0.3454930496287919
5,101,0.3251405430101888
6,93,0.31122480667377866
7,81,0.30413742854536147
8,74,0.3041491407227671
9,63,0.281672193070974
10,53,0.2786697447573217
11,42,0.23744917750452027
12,32,0.21945140402071658
13,22,0.16674706695149266
14,12,0.1528903017099626
15,5,0.11112267962211819
16,2,0.0901676509861847
