,clusters,silhouette
0,164,0.41408906473059354
1,115,0.39697128116339386
2,74,0.3605574357882938
3,49,0.3239558108569502
4,32,0.305115045101539
5,27,0.28310235625720503
6,19,0.26184889502234504
7,10,0.25438453631579655
8,7,0.2311256801503444
9,6,0.22033354297744503
10,4,0.19487120040338152
