,clusters,vi
0,145,-1.0
1,134,1.1967499710094884
2,122,1.2522061100737822
3,115,0.998000810807643
4,110,1.01273634320788
5,101,1.0298800999459148
6,93,1.18650018917778
7,81,1.2330403913625052
8,74,1.2239711716757449
9,63,1.1755582824459854
10,53,1.3563718260011308
11,42,1.3609565020210246
12,32,1.415580480935307
13,22,1.4949943835132766
14,12,1.8761884153166533
15,5,2.0496879477083456
16,2,2.3120371789904466
